which,3140239565
their,2152980856
there,1624244069
would,1472836063
other,1383819631
these,1305836227
about,1070844019
first,923098137
could,886885769
after,802183648
those,691669896
where,671648884
being,616167511
under,585614993
great,557140555
state,554535432
world,507053871
three,487851399
while,483458151
found,436590801
might,409571792
still,408284608
right,405997789
place,401960397
every,393303183
power,375157528
since,371640088
given,370951111
never,367410869
order,361137006
water,355587010
small,350555114
shall,343402507
large,342488394
point,334132537
again,326148276
often,325401398
among,321347106
house,316573649
women,312387136
group,284619098
think,282320905
human,279021305
later,269885412
until,266946508
whole,264686675
early,262981121
above,257241520
value,252048910
study,251412791
times,244652752
taken,244551759
known,242927654
court,235754411
young,233730772
white,223842549
light,223283381
least,219391916
level,217880825
child,214495696
death,214200351
going,207106670
party,203630065
using,201538480
sense,197418030
based,197019089
whose,196188708
total,194697805
class,193594736
local,188976156
along,186526544
money,182968174
black,181534185
force,179546634
night,177986919
short,176881097
field,176540842
asked,173744424
quite,173456562
thing,172841116
woman,169051450
major,168849803
third,164793359
shown,164675601
began,163257097
cause,162159744
heart,161229218
trade,157876675
model,155596065
clear,155440038
lower,145246821
close,144016036
blood,143748240
hands,140692528
story,136929529
paper,135717632
areas,134937418
parts,133958136
river,129256917
space,128095377
price,127516982
basis,123419677
alone,122835868
below,122647428
earth,121321199
heard,121049664
lines,119616540
hours,119176596
truth,118930109
range,118895618
board,117313420
needs,117044588
front,114225617
leave,111484002
stage,109702934
doing,109584298
today,109183206
labor,108899935
voice,105872163
peace,105671469
bring,105433178
chief,104930693
added,104771038
issue,103401206
equal,103230064
basic,102914023
music,102752776
wrote,101392404
sound,98400147
ideas,96887798
final,96621004
gives,93483557
cross,92626590
moral,92096596
faith,91626840
legal,91252072
comes,91171205
civil,90889861
built,88969219
round,88701795
scale,88072401
write,87426598
doubt,86832035
seven,86349743
green,84881220
image,83915350
plant,83908136
speak,83498251
lives,83348328
tried,82433784
upper,82015968
eight,81495206
stock,81217109
stand,80727710
share,80525779
style,80028774
start,79923477
goods,79806633
ready,79624083
occur,79611642
stood,78694390
moved,78319748
staff,77814061
lived,74569722
learn,74465003
daily,74139067
allow,74004107
noted,73646017
phase,73341060
heavy,72611588
fully,72303692
title,71536845
claim,71219428
fixed,70922748
month,69372313
color,69327304
event,69284260
begin,69278345
offer,68593221
wrong,68553370
carry,67586996
serve,67436190
stone,67355537
trust,66195615
drawn,64894754
floor,64492486
glass,64019477
judge,63761525
enemy,63485320
piece,63386066
reach,63099345
visit,62760370
meant,62759727
enter,61756355
worth,61683767
cover,61086257
forth,60936635
avoid,60698278
mouth,60544346
exist,60324360
spent,59531990
scene,59515374
shape,59330150
brain,59323129
happy,59148236
trial,58925346
older,58810050
usual,58088657
prior,58067848
apply,58015406
speed,57902726
horse,57887383
birth,57673178
index,57535653
ought,57331181
named,56824357
error,56686480
joint,56601038
focus,56386458
urban,55348403
tests,55128408
bound,55120385
coast,54254707
plate,53951651
check,53633229
ratio,53242228
break,53219311
sight,52920605
media,52762256
broad,51817218
agent,51539825
aware,51531667
youth,51377635
sleep,50932721
fresh,50732915
drive,50550951
rural,49791477
metal,49466824
steel,49374952
guide,49345750
spoke,48767847
grand,48537522
apart,48515164
prove,48299919
fight,48267479
fifty,47727926
grant,47602295
brief,46980588
solid,46979045
false,46889309
forty,45383507
build,45255756
ideal,45211001
rapid,44710067
crime,44683293
inner,44659957
limit,44426594
plane,43959413
novel,43726676
adult,43479772
store,43378567
block,43351498
layer,43333277
plain,43254996
maybe,43188490
watch,42958949
count,42631645
touch,42300692
grace,42006028
proof,41865985
agree,41652330
crown,41595674
radio,41259550
train,41075848
minor,41053679
motor,40989696
depth,40921191
mixed,40263902
cycle,40116389
curve,39517727
angle,39214335
dream,38833115
entry,38723425
frame,38633180
grown,38484532
sugar,38432377
unity,38235822
firms,38125004
owner,38077748
truly,37990979
loved,37839479
yield,37782555
chair,37529644
hotel,37493752
thick,37262091
fluid,37080742
refer,36890000
fifth,36782730
fruit,36751169
raise,36595611
quiet,36594810
twice,36400197
taste,36312947
worse,36086665
chain,35965669
clean,35447374
spite,35152848
sharp,35125194
shift,34827282
waste,34616403
ahead,34475802
prime,34422698
grade,34154796
aside,33827692
wages,33825261
sweet,33771123
drink,33699908
begun,33442558
noise,33351772
extra,33345294
guard,33167243
favor,33053664
quick,33026110
nerve,33015852
ocean,32940682
skill,32931587
logic,32901120
ended,32882605
enjoy,32842572
teeth,32775085
route,32711348
empty,32660338
thank,32642525
lying,32575083
acute,32369742
smile,32365186
armed,32356521
dance,31943412
broke,31635228
sheet,31541905
noble,31363531
dress,31211968
teach,31193306
spend,31142960
phone,31068450
print,31005645
scope,30984192
slave,30944953
grain,30323386
honor,30280541
arise,30226374
exact,30093861
owned,30018840
reply,29970252
bread,29860167
alive,29826910
theme,29811062
cited,29741766
glory,29628896
vital,29440073
grass,29099062
outer,28950617
bonds,28677535
faced,28462657
faces,28433910
track,28424881
abuse,28330340
shore,28106518
gross,27882716
steam,27833097
delay,27682668
hoped,27658168
pride,27587665
treat,27562847
grave,27459383
admit,27457191
cloth,27323670
crowd,27182156
uncle,26595301
chest,26267215
saved,26199529
score,26189440
cried,25859321
flesh,25810095
blind,25709602
anger,25708539
essay,25564034
fault,25415834
canal,25328001
rough,25174003
click,25166714
habit,25156363
sorry,25107196
shock,25074824
catch,24963114
liver,24804385
verse,24745014
beach,24576231
worst,24550986
reign,24424019
valid,24398809
shell,24361020
trace,24289158
sixty,24216173
liked,24211700
nurse,23882775
fever,23858688
throw,23746867
trans,23695217
drama,23592198
naval,23570489
storm,23486856
match,23388737
owing,23244087
smoke,23171503
fleet,23137260
wheat,23042573
argue,22990237
loose,22965473
newly,22861197
guess,22776332
organ,22768168
sheep,22612873
topic,22503075
angry,22473658
dying,22423076
trend,22392327
acted,22267366
tower,22256436
sixth,21721559
dated,21575637
proud,21474926
shook,21411884
split,21407353
width,21243176
wound,21194735
chart,20968263
chose,20936238
wheel,20919694
drove,20910166
tired,20608164
draft,20570054
dozen,20456414
wider,20335252
threw,20054344
solve,19982451
alike,19938155
panel,19917544
links,19854155
dealt,19852965
sword,19851996
magic,19724796
marry,19521182
stick,19432251
paint,19391895
seeds,19363706
fewer,19358131
virus,19325947
yours,19281464
arose,19165818
adopt,19148305
urged,19005818
inter,18974967
mercy,18955454
slope,18802866
pulse,18650734
wives,18613379
devil,18453587
clerk,18349340
tract,18258116
pound,18221103
laugh,18167465
worry,18048069
midst,18029918
cloud,18021889
opera,17994890
merit,17932435
trail,17909876
realm,17837196
array,17833878
shoes,17757473
stuff,17640662
valve,17556711
serum,17331051
solar,17315269
mayor,17111592
cable,17054562
tribe,16989018
lunch,16954637
basin,16948304
guilt,16904732
fatal,16843558
bases,16759714
photo,16636407
fired,16625116
usage,16617802
dried,16608078
tight,16464182
tumor,16462978
aimed,16461751
fancy,16364382
ruled,16340867
borne,16333534
pupil,16317673
alter,16270330
pilot,16265177
award,16185743
urine,15918572
tales,15908779
blame,15904537
giant,15855357
cream,15825913
burst,15726348
flood,15709666
clock,15669210
movie,15607623
knife,15603542
ridge,15567101
badly,15560971
rigid,15551511
lover,15423734
renal,15288679
prize,15249230
pitch,15242815
filed,15160157
eager,15140896
angel,15059915
smell,15041983
sport,15033673
boxes,15013248
grief,14883940
flame,14822895
brand,14684600
actor,14662119
shame,14566877
label,14539504
lease,14463774
brave,14444212
mouse,14437484
naked,14390835
brick,14321406
truck,14276905
diary,14264728
cheap,14264405
craft,14249886
fiber,14190864
shade,14082154
decay,14037694
blank,14026170
elder,13929876
grasp,13874861
elite,13829294
guest,13816768
prose,13802153
piano,13792470
cease,13782119
multi,13766220
paths,13674720
rival,13670874
strip,13659781
asset,13626104
widow,13502424
imply,13500758
supra,13473459
cruel,13404708
brush,13359745
graph,13336114
vague,13270481
laser,13266251
apple,13257740
shirt,13234049
crude,13126544
deeds,13059061
swept,13057049
ghost,13032720
oxide,12929353
trunk,12924206
gases,12901221
altar,12846933
alarm,12829526
ruler,12811074
shoot,12782705
onset,12670119
shaft,12658362
alien,12648735
hired,12633004
globe,12622835
swift,12547455
dense,12482381
veins,12463900
spare,12423239
tenth,12415146
dirty,12281375
pains,12233078
buyer,12186119
slide,12172138
stuck,12080671
arrow,12056965
tries,12035310
coach,12017020
bench,12006332
voted,11946640
juice,11945760
pause,11801495
stern,11778146
cabin,11755698
flour,11680651
tough,11652783
flash,11635075
humor,11563449
honey,11455613
aging,11379748
bride,11367091
brass,11289761
faint,11270221
charm,11268427
ample,11253381
loyal,11251526
chase,11241384
upset,11232184
steep,11181052
crack,11154014
ninth,11112755
tooth,11106562
eaten,11097905
smart,11097169
maker,11056884
feast,11053208
lucky,11018032
caste,10983118
exile,10955040
quote,10883371
fraud,10821828
shake,10816169
slept,10798114
sandy,10796917
awful,10750200
genus,10697670
drunk,10671690
hated,10604034
rocky,10595188
super,10553494
toxic,10548187
quest,10503649
crazy,10446568
cargo,10420169
panic,10398254
utter,10368112
civic,10350951
harsh,10302379
lined,10288248
shear,10224898
siege,10187324
alpha,10155758
drift,10151164
risen,10063699
loads,10028335
skull,10018062
swing,9982214
funny,9979241
canon,9961659
stake,9949565
fence,9895112
gland,9862032
blade,9858450
alert,9845466
climb,9841656
chaos,9795975
boots,9770169
cheek,9732230
sized,9690362
hurry,9664332
petty,9611719
spine,9595000
stamp,9592333
react,9583169
flies,9576623
snake,9568023
spell,9505926
meter,9477698
vivid,9464138
cared,9462174
suite,9452744
burnt,9442980
straw,9426957
drain,9404605
beast,9381801
weary,9348187
stiff,9344596
olive,9287261
thumb,9234916
sheer,9225539
vapor,9222067
polar,9186763
cubic,9179038
wagon,9142777
eagle,9114402
rifle,9110050
orbit,9105189
balls,9096341
aided,9050464
cries,9050421
awake,9020946
tense,9017584
query,9002192
comic,8946254
fatty,8860293
shelf,8856613
vocal,8792427
drill,8680974
unite,8651456
audit,8617817
focal,8611275
pious,8603603
deity,8575123
freed,8561806
frost,8525847
screw,8507212
elect,8497074
aloud,8470300
probe,8377338
posed,8327115
basal,8297746
breed,8294616
piety,8287165
sweat,8279667
folks,8276475
patch,8248219
beard,8235198
trick,8224165
gauge,8178366
genre,8157391
dwell,8129600
rebel,8118033
creed,8091864
quasi,8044098
erect,8002623
drank,7980666
spray,7979847
donor,7978034
shots,7959396
dairy,7953273
bloom,7951546
audio,7925452
fetal,7920235
stack,7915096
sauce,7910501
blown,7898962
adapt,7848388
dared,7845875
folly,7821709
micro,7727298
exert,7704218
waist,7698139
seize,7686250
arena,7673538
sweep,7635486
token,7620022
curse,7601753
lofty,7597616
ether,7566413
linen,7534800
dread,7500235
rated,7499910
porch,7460990
wrath,7424658
irony,7402586
nasal,7397636
silly,7383823
prone,7332007
fairy,7317203
blast,7311350
cliff,7265063
bless,7244394
ashes,7233535
elbow,7203861
pagan,7194800
backs,7184186
sided,7160496
trait,7085734
penny,7070322
papal,7063118
crash,6991126
moist,6946298
flora,6935356
belly,6898852
wrist,6760164
relax,6757881
crest,6757572
float,6756408
merry,6745960
ranch,6706198
swung,6695422
faded,6670842
colon,6642010
epoch,6623085
knock,6601635
alloy,6585542
cured,6564503
optic,6563821
bosom,6554144
minus,6519424
bunch,6463095
bowed,6449114
paste,6448834
flock,6425402
ferry,6418459
punch,6407863
weigh,6396205
tiger,6379868
lemon,6348917
spark,6299593
steal,6295399
fibre,6288295
macro,6285588
lymph,6279434
trout,6270181
ivory,6254780
theft,6246338
sober,6239176
locus,6184060
laden,6174850
waved,6174734
crust,6165316
axial,6154894
avail,6132300
flung,6115929
gamma,6110368
lever,6108595
swear,6107026
haste,6095180
sadly,6079329
agony,6071113
stain,6045597
stove,6026242
stout,6018710
yeast,6015396
choir,6010288
couch,5997588
bowel,5972978
purse,5972754
twist,5954625
finer,5941430
witch,5923855
blend,5921744
brook,5895014
maize,5887903
radar,5808181
woven,5796535
shine,5790139
penal,5782794
blues,5773885
slain,5765202
sperm,5744116
newer,5730290
intra,5724840
flank,5718665
canoe,5713759
coral,5702366
opium,5688865
naive,5686356
shout,5663175
assay,5654256
bliss,5642158
cough,5631227
sinus,5623873
wiped,5606525
batch,5597390
chips,5591934
gazed,5572305
resin,5557503
manor,5540456
salad,5491851
modem,5461850
stark,5457369
infer,5455057
lobby,5437388
mound,5405471
stare,5395995
sworn,5392174
thine,5387560
overt,5377059
whale,5373833
bored,5352198
mould,5309046
lipid,5307914
vowel,5294853
pants,5284119
peril,5251373
sunny,5241394
shone,5223271
cloak,5223009
flint,5196598
ionic,5194572
graft,5177376
scent,5166221
rider,5140744
inlet,5136139
skirt,5102018
piles,5100361
ditch,5074088
bonus,5063337
noisy,5062651
fiery,5057815
baths,5039222
slice,5029836
undue,4994030
shalt,4991868
taxed,4985997
queer,4984193
troop,4980756
hymns,4963132
motif,4954693
chalk,4944081
ounce,4942449
thief,4926245
creep,4901508
safer,4898051
swell,4886849
blunt,4886405
candy,4879884
ultra,4877557
spear,4875224
fungi,4850833
vigor,4835754
gloom,4834892
chill,4830286
medal,4822980
fetus,4822540
hedge,4803785
chord,4802142
album,4801826
baked,4750900
slate,4748799
tidal,4742637
boast,4725466
edema,4721848
abode,4715600
scorn,4708866
stole,4702270
tutor,4697706
thigh,4697704
ankle,4687159
brake,4683527
fetch,4679546
lions,4671243
swamp,4637345
lapse,4636658
stool,4628344
relay,4604496
cheer,4602538
await,4573296
cedar,4568296
quota,4554856
onion,4552105
flush,4532254
skies,4502359
digit,4496926
penis,4496306
renew,4495661
piled,4484085
wedge,4483550
scrap,4473134
fauna,4460464
alley,4457466
clash,4446721
fuzzy,4435191
demon,4435146
crush,4434526
wreck,4381451
traps,4381019
spoon,4376314
dwelt,4366169
crept,4360604
maxim,4349386
fused,4325312
ulcer,4318879
infra,4317641
rainy,4295439
facto,4292355
amend,4282585
handy,4278193
birch,4260713
tails,4246584
hasty,4239764
goose,4239753
abide,4224687
tenor,4224536
rally,4222464
hatch,4179598
flask,4164883
dusty,4163163
lance,4161939
robot,4161269
paved,4156987
plead,4120007
clung,4118829
vault,4112904
merge,4093806
email,4092828
greed,4091237
fried,4075413
wards,4061216
proxy,4049604
dogma,4031292
ethic,4009956
shale,3999941
voter,3985816
ozone,3983829
armor,3980468
molar,3976039
lunar,3954480
algae,3953405
depot,3952617
guise,3942712
maple,3908169
timid,3901429
manly,3895080
greet,3887556
niece,3878896
cigar,3876982
spoil,3871626
risky,3871195
weird,3856532
muddy,3851276
tempo,3849308
lyric,3847586
unfit,3829281
queue,3822638
vicar,3822454
edged,3815945
dwarf,3802993
surge,3792135
swore,3786461
lotus,3781377
rhyme,3779634
rotor,3773692
torch,3769539
wiser,3767329
towel,3758821
dough,3746751
grape,3725250
motto,3718465
camel,3715402
verge,3704437
brute,3699751
cords,3692820
cocoa,3691299
aorta,3689826
attic,3689115
cache,3677215
awoke,3658748
toast,3658420
inert,3639082
saith,3609901
forge,3608979
flute,3581046
folio,3565185
chess,3550280
tonic,3547757
bluff,3522805
truce,3508744
niche,3505585
blond,3500535
squad,3493854
stray,3475926
tread,3470020
avant,3457535
bowls,3456644
teens,3445463
repay,3444987
flown,3443838
spies,3442786
crisp,3440170
prism,3433684
trash,3429814
nasty,3422348
glare,3413901
amber,3408579
typed,3406349
cleft,3381292
boost,3374559
slack,3371003
wares,3349940
libel,3337727
groom,3312879
ditto,3308756
aisle,3304588
terra,3302395
scout,3294333
ovary,3289854
vogue,3284183
frail,3282526
edict,3260570
metre,3258323
stall,3253422
modal,3244548
scalp,3237891
steer,3222748
jewel,3219437
salon,3213110
anode,3207922
woody,3186683
shiny,3180381
knelt,3179702
pinch,3173835
notch,3163494
fable,3161856
reins,3158743
miner,3153291
thorn,3147903
oaths,3145560
tuned,3143478
cling,3131500
stalk,3112184
needy,3104652
stead,3103248
dined,3103071
tying,3099266
stony,3098866
amply,3093180
evoke,3087306
roast,3085642
spike,3082729
liter,3079161
bitch,3070128
comet,3063018
syrup,3060475
bleak,3049602
deter,3048624
quart,3037854
chant,3033274
witty,3028393
jolly,3026322
lends,3021870
yacht,3021790
lumen,2997268
paddy,2990934
waged,2990836
plank,2986779
blaze,2986343
ethyl,2980414
toxin,2979825
weave,2978540
mamma,2971289
beset,2966558
stump,2964169
dummy,2957957
brink,2951980
sewer,2947343
peach,2943899
chick,2941489
eased,2922368
jelly,2914838
mucus,2913832
gorge,2908278
tacit,2906843
crawl,2869972
incur,2868538
raced,2867256
broth,2864216
idiot,2854835
oddly,2826363
sting,2819733
rumor,2801094
envoy,2801086
scare,2799705
swine,2783600
brood,2778855
abyss,2778061
shark,2775900
badge,2767831
ledge,2767382
ethos,2765061
wharf,2747724
enact,2744264
geese,2734756
satin,2710659
droit,2698481
idiom,2696443
heaps,2682565
aloof,2679373
apron,2678438
karma,2671998
larva,2665721
monde,2664087
rusty,2661008
humid,2658900
scrub,2654025
crank,2652372
scant,2651060
blush,2650467
hairy,2635861
reset,2628981
shunt,2626679
bland,2598875
rouse,2581729
gleam,2581353
circa,2559935
brisk,2557751
glove,2557472
stale,2551980
laity,2543307
dimly,2542994
temps,2539257
mania,2537540
spill,2520284
timed,2518198
taboo,2517990
wired,2517910
pouch,2507742
facet,2502360
purge,2488751
spasm,2488607
axiom,2488240
amuse,2478293
clamp,2455780
strap,2451753
hobby,2444109
barge,2435010
shrub,2434957
friar,2429452
pivot,2414046
razor,2397092
godly,2396619
grind,2392111
hinge,2377738
evade,2374910
frown,2368280
fined,2366089
paced,2362015
helix,2351189
avert,2350249
ester,2346368
fossa,2331927
nylon,2316343
gloss,2314637
cheat,2305629
farce,2303855
pence,2299103
raged,2291398
recur,2290854
broom,2288513
debit,2288158
align,2285137
shady,2285063
glaze,2282634
swarm,2281334
vinyl,2278854
femur,2277721
liner,2277146
perch,2271053
aloft,2269568
steak,2266399
haunt,2262937
snowy,2260054
flare,2257350
poker,2256768
alias,2254493
stair,2253191
comma,2252735
famed,2250673
curly,2240880
quilt,2238927
puppy,2234723
beech,2232669
aptly,2230497
sieve,2229856
lowly,2227851
venue,2227493
freer,2226043
mined,2222499
gauze,2221040
vowed,2207329
chaps,2204832
spice,2202549
palsy,2199634
havoc,2197500
relic,2191494
milky,2181794
triad,2173105
bulky,2168899
timer,2166206
mirth,2163737
pasta,2162020
lucid,2156621
moose,2137911
iliac,2129874
erase,2129468
adept,2118041
plume,2117264
clown,2114378
glide,2108610
dowry,2100266
odour,2100047
defer,2098943
giver,2094278
crook,2093863
tramp,2093027
debut,2088355
proto,2087715
usher,2086482
drown,2080006
spake,2076233
pedal,2076201
plump,2075428
scarf,2074245
bribe,2063407
mourn,2060976
slang,2058381
ensue,2047966
semen,2043652
mimic,2037106
mural,2036103
ceded,2030747
bleed,2029313
hydro,2028502
tibia,2026372
vexed,2022734
expel,2019706
radii,2014797
filth,2008190
duchy,1998647
repel,1989446
froze,1982010
dizzy,1977687
lupus,1976191
shewn,1975049
tempt,1965515
trays,1963484
datum,1961511
latex,1943285
spade,1934860
rinse,1925954
rogue,1921332
hound,1921075
mores,1919576
snack,1916277
gaunt,1914041
regal,1910644
boron,1910598
groan,1900339
booty,1896522
bathe,1890915
mixer,1889751
equip,1885557
obese,1879515
foxes,1869533
grill,1867903
franc,1861272
shawl,1857515
patio,1848301
bully,1846264
smear,1844624
argon,1842435
snail,1838723
widen,1838250
feces,1834657
taper,1829963
anion,1827777
fated,1826119
choke,1825201
valor,1824879
misty,1810154
oasis,1803516
whore,1803383
junta,1798180
mains,1798120
brine,1794649
fowls,1791203
pluck,1789255
mummy,1787936
chili,1783344
crows,1782976
venom,1775782
adorn,1774813
moths,1762168
hilly,1760561
props,1758773
smoky,1753278
leapt,1751637
manic,1749016
truss,1735375
torso,1727532
otter,1716514
rigor,1715642
comer,1714588
nodal,1714065
spore,1708865
dusky,1699779
grate,1695340
adore,1680416
clone,1676046
windy,1675909
cadre,1673981
aroma,1672375
slick,1665950
stung,1661056
nexus,1659302
smash,1655337
kneel,1652210
shire,1651643
chasm,1648405
tally,1647349
tunic,1647247
leafy,1645825
wafer,1642412
glued,1642118
mover,1638449
shaky,1636547
fared,1636360
fling,1635440
nobly,1624766
aught,1624207
snare,1618774
adieu,1616618
latch,1610972
shave,1610298
laced,1602188
phage,1601914
slant,1598156
shack,1591220
tinge,1581919
waltz,1579521
snuff,1575341
stoop,1569300
taped,1567421
purer,1566207
sneak,1552248
spire,1541917
cider,1539743
masse,1529015
tithe,1524125
cater,1523233
gaily,1522914
hitch,1522519
muted,1522234
gable,1519676
didst,1517430
loser,1512239
valet,1505793
amiss,1503593
scary,1502151
shrug,1500436
poppy,1500198
quail,1499450
forte,1498891
dazed,1497869
clasp,1496539
ulnar,1493451
cadet,1492428
diver,1492215
truer,1490014
zeros,1485899
mused,1485175
berth,1484149
drier,1479244
erred,1478254
waxed,1477097
magma,1476228
amour,1474156
sling,1473756
scoop,1471588
slash,1468623
litre,1468055
sedan,1466429
fecal,1464428
humus,1463463
carve,1459147
trump,1457683
sable,1454856
lathe,1452878
wager,1452456
bulge,1449220
forme,1444854
chunk,1437077
bison,1436655
decor,1433959
slung,1433654
ardor,1428980
modus,1426630
hoard,1424681
sloop,1423588
slump,1423393
lured,1422877
amine,1413899
wield,1403840
tease,1403497
usury,1400289
clump,1396530
squat,1394274
femme,1392264
buggy,1381688
sleek,1378210
sever,1378073
dower,1376354
steed,1370209
rowed,1366327
groin,1365357
moder,1363515
whirl,1359052
ruddy,1358785
colic,1354800
hoist,1354068
toned,1352103
poked,1350420
hotly,1347076
mango,1346231
tenet,1340800
brunt,1339413
slows,1336687
siren,1327277
speck,1326676
rarer,1326531
taint,1326347
freak,1325871
poise,1325683
olden,1322987
horde,1319218
totem,1313818
elegy,1308195
remit,1306003
slime,1304131
braid,1301729
vigil,1296305
flake,1292691
ached,1291932
frock,1290162
nymph,1286141
hyper,1281654
eerie,1274102
waive,1273045
dryer,1271017
snout,1269713
abate,1269516
bushy,1265847
carte,1259120
salty,1258289
plumb,1255903
wrung,1255043
avian,1254380
sneer,1252444
quill,1252115
juror,1251994
allay,1251222
blink,1247587
ebony,1247237
madly,1246391
jihad,1246162
spicy,1242872
keyed,1238394
canes,1238097
pubic,1235990
azure,1235830
harem,1235626
inset,1229317
hoofs,1227517
eaves,1226675
vodka,1223905
anvil,1220356
livre,1217369
burgh,1216323
asses,1215740
gully,1210836
paler,1205105
nosed,1204747
lilac,1203707
silky,1202560
lysis,1202514
heave,1195304
cilia,1194387
primo,1191435
shove,1190985
unify,1190573
sheen,1190320
algal,1187601
crave,1179841
dandy,1177841
prick,1176971
vomit,1173915
annoy,1173616
exalt,1172798
chute,1167175
amity,1165677
agile,1165217
budge,1165057
chaff,1163630
polio,1161537
bough,1160960
navel,1159970
towed,1158154
eater,1151470
sewed,1150407
giddy,1147520
aired,1142734
aback,1142134
gaudy,1141924
rayon,1140707
cello,1139742
blest,1139593
cobra,1135134
cotta,1133831
staid,1132999
vagus,1129388
rupee,1127247
knoll,1127168
hover,1125695
dingy,1125288
melon,1122561
posse,1122311
graze,1122109
lorry,1121044
crypt,1120644
husky,1118855
ramus,1117052
tasty,1116946
squid,1115801
elude,1115545
alder,1114993
spawn,1111872
arson,1109448
winch,1109200
fugue,1106079
tamed,1105181
nanny,1099435
foyer,1099218
oiled,1096095
tiled,1093604
shank,1093289
thyme,1090740
revel,1088827
setae,1088611
zonal,1087426
rivet,1085666
ripen,1078078
jacks,1077321
lousy,1076579
taxis,1073931
flair,1072539
smack,1069173
gamut,1063335
chops,1061335
smelt,1058950
lurid,1058317
showy,1055150
levee,1054798
murky,1053933
islet,1052898
calyx,1051104
twine,1047836
heady,1047345
vulva,1046198
posit,1042978
joked,1040635
khaki,1040574
gourd,1037372
shorn,1035300
juicy,1028574
spelt,1026236
payee,1024342
fiend,1022041
dives,1019423
gravy,1014700
beige,1012604
crate,1009737
plied,1009734
credo,1008985
swirl,1008664
chert,1007449
dived,1007008
stunt,1004976
stint,1004686
knack,1003769
horny,1003212
endow,996959
piped,996770
strut,992631
sloth,990988
butyl,990402
leash,990119
waned,989113
spout,985477
spied,979787
aegis,979721
passe,977313
zebra,973692
tardy,972347
manna,972205
clove,968784
inept,968771
nihil,968139
dumps,967741
loath,967175
flick,965838
aster,963276
stent,960434
tawny,960390
craze,957794
growl,957190
bevel,954423
clout,954096
hives,952516
smote,951269
erode,947815
diner,947445
mimeo,946577
bolus,945246
quell,941184
nadir,938719
aural,936687
afoot,936378
apnea,933041
banal,932722
atone,932712
radon,932651
burly,929742
hoops,927639
terse,927233
intro,926297
elles,924031
afore,923260
boxed,923092
hires,921781
foggy,921134
mated,919931
chore,919822
quoth,918753
vitae,917998
raked,916449
wrest,916375
gyrus,915474
cacao,914041
durst,911586
tarry,911241
slimy,909071
stink,908307
tulip,907860
ochre,907459
limbo,906312
alibi,904617
icing,904208
prune,904132
shoal,901325
girth,897127
payer,896674
bugle,893162
taker,891923
adage,890741
roost,888254
gated,887453
borax,885228
tubal,884735
loess,883279
ileum,882352
suing,881409
flyer,879068
phony,877880
ducal,876378
stave,875805
gusto,875797
drone,874600
grunt,873999
plaid,873833
leper,872667
livid,870854
septa,868193
spurt,865047
enema,863841
nicer,860822
dryly,860710
bogus,860666
croup,859092
domed,858326
serie,858272
donee,856927
tuber,855902
sabre,854891
adder,852160
plush,850109
tongs,849994
abort,849922
acorn,848170
easel,844822
lusty,843867
bonne,841130
acrid,840485
sniff,839975
skate,839577
froth,836811
thump,835443
nitro,835131
whine,833878
diced,832408
stile,830619
noose,830375
spool,829415
cramp,828695
effet,828218
dicta,827578
leaky,825715
scaly,825446
miser,823995
onely,823031
matte,821197
savvy,821080
affix,820710
robed,819544
macho,819521
trope,818774
bursa,818168
villi,817926
sheaf,817224
bared,816872
genie,815403
trite,814692
hunch,813414
ilium,813223
whisk,812290
hoary,811400
meted,807999
mulch,807870
knave,807843
apace,805891
pubis,804806
mumps,801026
petal,798796
amide,798402
xylem,798393
aller,797219
taunt,795423
ation,795056
sawed,795028
waded,793835
sowed,789937
pussy,787877
beget,786569
usurp,781520
caged,781392
mitre,780280
savor,776576
shyly,776063
downy,775605
nomad,774527
quack,774004
musty,772399
skunk,768089
saute,767278
oases,765790
booze,762401
surer,761682
rodeo,761636
squaw,761607
throb,761082
mossy,759279
neuro,757831
scold,757773
ortho,757063
dimer,756895
forgo,756662
areal,756490
quits,756383
rebus,755594
codon,755087
divan,753523
annul,752798
glint,749508
banjo,747694
erupt,747044
agate,747023
cynic,745586
grist,745253
scour,744230
surly,742713
grout,742315
slugs,740066
yearn,740064
jetty,737658
mower,735340
waxes,732464
fides,730190
ovate,729585
shred,729333
odium,726401
inlaw,725906
salve,725249
sited,724852
ingot,719972
abhor,719396
talus,718695
scion,718212
guile,715843
stork,714292
tepid,713253
gipsy,712457
ladle,710452
conch,709851
larch,709717
jumbo,707549
crore,707547
saber,697658
wring,693693
spate,693423
fjord,692487
delve,692156
glade,691570
snort,689729
eared,689010
putty,687413
uncut,687311
mauve,685856
ferro,684759
boric,681984
louse,681523
twill,679790
rabid,679520
viper,678862
parse,677247
humic,677160
elves,677087
puree,674613
jerky,674359
leant,673915
flirt,670651
spiny,669605
whorl,669367
rosin,668566
sagas,666138
conic,665246
ovoid,663276
covet,661977
ramps,660348
cairn,658610
manus,657839
orang,657079
solos,657021
lobed,656816
betel,656458
waver,656356
borer,655131
whiff,654884
razed,653852
parol,653836
gruff,653064
kilos,652738
droop,651419
grimy,650596
scrip,649921
smite,649834
vagal,649306
auxin,648790
hefty,646592
fudge,645944
aphid,645736
rumen,644518
fussy,644333
furry,643711
sleet,643197
crumb,641926
hyoid,641047
lurch,640930
churn,640659
quake,639302
snipe,638791
pared,637090
crepe,635094
tango,634559
scowl,634353
spree,633803
agape,633555
floss,631244
eject,629896
coupe,628774
silty,627330
guano,626907
labia,626516
atoll,626353
irate,626183
riser,625263
lithe,624990
duped,624860
tutti,624280
tonne,623779
rowdy,623113
hatte,621429
imago,620920
dozed,620488
scuba,620224
decoy,618906
puffy,618689
swoop,615039
stele,614546
pique,611452
jaded,610928
balmy,609168
saver,607557
felon,606424
ennui,605587
fitly,603702
manes,601669
meson,600954
stupa,600522
pupae,598749
fount,598122
polyp,595304
kraal,593906
copra,593332
baggy,591200
droll,590909
clime,590251
foray,589929
skiff,586281
thong,585785
torus,584292
troll,583768
xenon,582945
vouch,580958
brash,580210
cabal,576467
whist,574686
wench,573477
gruel,571543
chime,569724
sulky,569540
whoso,569434
brawl,567157
caput,566480
eosin,564946
sofas,562606
glean,560538
lumpy,560477
idler,560131
spilt,559976
askew,557638
crass,554021
satyr,553975
carpi,553201
embed,552775
pecan,551772
paled,550738
inlay,549626
idyll,549039
sepia,548778
shirk,548514
taxon,548166
rater,547590
wreak,546524
boned,546158
gouty,545813
radix,545635
retro,545558
mince,545299
denim,543194
fives,541283
waked,540466
recto,539881
combo,539739
honed,539626
basso,537636
manse,536138
furor,535727
fetid,535685
fluke,535435
knell,535221
feral,534525
creak,533550
clang,532747
topaz,532746
dross,532518
atria,532473
impel,530418
sooty,530286
suave,528195
snarl,526859
slyly,526322
salvo,526184
rhino,525164
drape,524190
whoop,523580
lapis,523561
grubs,523409
soggy,521717
deuce,521189
ergot,520698
unmet,519556
roomy,518554
cowed,515509
lasso,515243
bigot,514325
polka,513618
dowel,513373
sedge,512891
condo,512631
booby,512613
nomen,512473
outre,512193
prong,512043
hymen,510302
venal,510295
rebut,508399
prise,508132
fosse,507420
pawns,507329
smock,507070
mired,505962
gutta,505351
myrrh,505337
udder,503482
extol,503109
nudge,502834
lunge,502718
grime,502694
saucy,502277
yucca,502181
sherd,500202
cameo,499117
biota,496688
gaped,495908
hyena,495748
ambit,495660
melee,495441
wooed,494342
glans,493970
ashen,492592
soapy,490374
altho,490093
molto,489068
oleic,488914
slush,488694
chuse,487580
canny,487507
finis,487195
swoon,487150
allot,485875
ruble,485820
situs,485116
chink,484858
joker,483870
lingo,483138
dural,483120
feign,482719
monad,481766
varus,481282
toyed,481016
stoma,480704
cumin,480429
dirge,478583
tinea,478546
fovea,478527
grope,478411
meine,478120
milch,477032
amass,473505
sinew,473281
hovel,472943
breve,471487
neath,471032
pithy,470880
vying,468785
coped,468377
gouge,468243
poesy,467452
antes,467054
trill,466713
lanky,466229
awash,464354
amaze,463403
gnome,463128
deign,462908
zoned,462782
lager,461957
kayak,460991
afire,455603
smirk,454989
fille,454841
cacti,454833
bawdy,453428
outdo,453120
riven,452876
sprig,452060
cocky,451438
sooth,451242
nitre,451206
moult,450156
belie,449756
nares,449482
medic,448807
whack,447898
seedy,447736
copse,447369
yoked,445837
scarp,445651
prank,445371
hater,444843
mowed,444017
genii,443876
verve,442866
pygmy,441636
racer,440056
scoff,439210
llama,438306
kiosk,437886
leges,436624
reedy,436541
creme,436409
dally,435779
tarsi,434076
briar,433894
crone,433052
mucin,431853
waken,428971
untie,428890
undid,428344
visor,427847
cocci,427355
sower,427271
chafe,426473
punto,425870
pasty,425223
hauls,424452
sward,424003
dully,422484
glebe,422050
cecum,420918
raphe,419847
fumed,419325
aloes,417514
loamy,415262
mezzo,415012
swish,414664
tipsy,413977
umber,413262
matin,412902
morph,412864
flume,411770
wince,411327
begat,410788
tiara,410532
fluff,410363
demur,410305
cased,409742
swath,409683
octet,409431
feint,408810
pupal,408221
plasm,407451
trawl,407196
senza,406536
weedy,406476
troth,405978
ebbed,405834
joist,405593
hiked,405392
ileus,404657
groat,403917
unwed,403728
sacro,403085
tabby,401434
utile,400888
scape,400549
wordy,399507
oaken,399087
drawl,398734
massy,398332
pried,397982
taluk,397968
vertu,397764
shied,397563
sopra,396956
lapel,396927
flail,396810
frond,396415
augur,396367
wroth,394081
chirp,392614
aglow,392009
quern,391179
knead,391169
lobar,390633
tenon,390270
decry,390182
drily,389613
quire,389072
facta,388992
psoas,388781
suede,388370
beret,386418
cress,386390
inane,385865
dunno,384450
begot,383526
prowl,383220
offal,381877
dolce,380667
ovule,379663
wrapt,379466
quash,379026
longe,378897
gorse,377487
fishy,374278
ember,372992
crier,372285
caked,371776
mange,371512
flier,371014
spurn,370735
urate,369148
roped,368960
parle,368640
plait,368125
vetch,367634
itchy,367500
toddy,366331
bilge,366009
bogey,365213
nevus,364194
sprue,364150
skein,363288
junto,363156
gonad,361117
boggy,360830
abord,360154
bruit,359956
twixt,357475
tacky,355623
sated,355499
moron,353972
payor,353959
bream,353732
caper,352999
pinna,352586
riper,349351
clink,348849
glyph,348805
anise,348360
pales,348328
tonus,348258
bulla,347439
caved,346353
ruder,345259
exult,345232
oozed,344676
bossy,344346
abler,343310
curio,342675
mealy,341072
homey,340348
liken,339769
tetra,338755
tuner,337776
jeers,337378
gavel,335852
broil,335699
gayly,335353
volar,335043
lated,334088
conus,333772
haply,333747
maser,333743
inked,333635
raved,332145
tabes,332135
corny,331693
douce,331349
cella,331321
senna,330151
carat,329881
slunk,328987
snore,328063
malic,327195
hilum,326920
ditty,325594
crock,325594
cavil,325583
linga,325236
rayed,325130
cento,322656
flaky,321174
motet,320979
neigh,320710
baste,320597
plano,319462
warre,318346
croak,318215
palpi,316106
seeth,315894
ketch,315871
funky,315692
lowed,315597
enrol,315330
plebs,314989
afoul,314126
nutty,313732
foamy,313705
cornu,313375
evict,313009
halos,312826
miter,311529
mente,310673
canna,310106
velum,309947
peony,308914
malar,308848
prawn,308771
chide,308391
sired,308262
trice,307627
waxen,306564
perdu,305786
stria,304769
tamer,304372
filly,304016
burro,303153
culpa,302322
phyla,302072
dosed,300906
stomp,300327
volte,299481
cubit,299436
uvula,299418
amigo,298914
crimp,298110
velar,298088
hilar,297304
novae,296985
gummy,296406
mushy,295897
exude,294265
claps,293172
lames,293167
paean,292737
sexed,292355
hewed,292291
imbue,291762
plein,291522
twang,291356
runic,290692
bandy,290444
furze,290206
wiper,290014
jaunt,289931
filmy,289707
phial,289628
cutis,289488
recti,288987
clack,288637
swipe,287258
parka,287032
geste,286088
vixen,285908
scald,285794
brawn,285651
tripe,285237
buxom,284926
ulema,284740
chyle,284480
alway,283701
casus,283532
spiky,283052
moldy,282818
boson,281812
refit,280944
vapid,280745
gripe,279337
fiord,278727
lucre,278545
pager,278434
crape,278311
allyl,276958
teste,275796
goofy,275345
pylon,275013
eland,274624
pined,274464
pored,274373
theca,274329
tepee,273950
chock,273732
slaty,273268
gules,272909
batik,272743
meaty,272699
astir,272493
tryst,272374
grete,272085
umbra,271686
sulci,270494
anent,270159
stank,269978
jumpy,269479
guava,268905
spoor,268588
prion,268143
nappe,267922
kinky,266829
glace,266536
spook,265202
dunce,265150
fakir,264455
azide,264171
chary,263757
cinch,262223
laths,261406
param,261178
bylaw,261136
paged,260712
jawed,260661
strew,260376
sumac,260200
keels,259107
banns,258828
milli,258641
wrens,258403
blase,258196
gusty,258079
trine,257813
pudgy,257434
gumbo,257401
moire,257313
wheal,256640
eider,255881
gayer,254989
pulpy,254980
acini,254597
testy,253974
dolor,252301
frill,252248
dette,252174
minim,250464
flout,249980
nonce,249160
elfin,249145
oculi,247863
halve,247744
bogie,247186
henna,246839
egret,246274
hight,244052
capon,243974
scamp,243954
bagel,243907
nomic,241693
copal,240749
dowdy,239828
feted,239819
dinar,239642
soled,239170
blare,237767
arete,236394
bouse,236172
animi,236094
incus,235209
peaty,234923
molal,233634
estre,233008
cubed,232724
scree,232571
antic,232123
doled,232007
twirl,231989
beady,230773
fluor,230109
malum,229811
gunny,228618
ombre,228433
balsa,227016
wolde,226474
frisk,226448
tress,225221
edify,224459
crois,224353
daunt,223820
tapir,222562
kneed,222006
doyen,221955
dropt,221350
tulle,221271
eclat,220975
belch,220610
coyly,220323
pigmy,220117
bated,219996
bifid,219752
drear,218411
pesto,217768
gloat,217544
cooed,217420
serai,217392
lamed,216905
pesky,216851
liana,215905
biome,215767
diazo,215632
igloo,215598
chimp,215228
crony,215211
caret,214605
pubes,214531
tical,214244
licit,212348
clank,212311
sider,212285
cleat,212094
debar,212025
poser,211654
oligo,211178
baize,210718
tweak,210391
sirup,210066
crura,209051
stilt,207939
slake,207557
virtu,207125
pawed,206777
solus,206535
tecum,206377
burin,205728
oiler,205641
visto,205490
perky,205419
merce,205249
hirer,205012
cower,203682
argot,203553
musky,203329
lemur,203327
craps,202983
maund,202040
warty,201980
stipe,201366
ocher,201134
shaly,201108
vomer,200909
knits,200386
chyme,199884
ferme,199118
scudi,199100
gulph,198945
cirri,198941
gesso,198799
sicca,198726
mangy,198382
roved,198008
blurt,197701
beefy,197128
raspy,197074
egged,196921
wrack,195203
faxed,193995
retry,193414
fader,193066
spank,193048
areca,192763
veldt,191963
dingo,191882
paise,191798
sodic,191388
splay,190894
aping,190487
silex,189947
slink,189803
nifty,189745
elope,189040
abaft,187174
bairn,186914
atony,186407
tanka,185815
dumpy,185522
plete,185481
swale,185026
doted,184444
ovine,184122
pinon,184117
prude,183623
inure,182380
swash,182206
ducat,182048
biped,182027
vegan,181908
hurly,180821
wacky,180705
weder,180259
bluer,179501
carob,179137
mesne,178929
snide,178700
golde,178109
jural,177812
amble,177805
anime,177288
chela,176967
riled,176708
deare,176420
shard,176418
thole,176344
icily,176268
litho,175990
palmy,175242
cluck,174821
hocus,174801
singe,174729
gored,174506
honky,174052
jagir,173908
spica,173682
lieve,172519
foule,172248
regne,172215
assai,170605
ramie,170353
idled,170283
civet,170223
gauzy,170144
proem,169978
belay,169972
hussy,169529
drest,169524
ailed,169221
joust,168893
gecko,168579
nappy,168202
kudos,167960
nidus,167740
spunk,167333
stylo,167133
byway,166749
sural,166301
fiche,166046
muggy,165493
boded,165474
jiffy,165458
teeny,164660
tilth,164288
archi,163950
baled,163943
comfy,163209
duple,163148
macaw,163115
liven,162877
foist,162687
loony,162136
qualm,161834
aider,161802
catty,161797
strum,161735
latte,161680
fatwa,161475
prate,161322
harpy,161265
eyrie,161256
gumma,161178
bleat,161077
seamy,160628
boyar,160600
swill,160405
throe,160005
drool,159988
koala,159779
tenia,159495
manta,159029
manie,158490
opine,157020
tinct,156199
briny,155779
bloat,155246
hanky,155233
paten,154793
elute,154069
woful,154040
shuck,153187
whelp,153045
mends,152966
hiver,152930
bract,152913
cyclo,152826
stant,152680
stoat,152617
aimer,152589
aurum,152182
pacer,151286
bason,151242
oakum,151058
newel,150931
stope,150345
ascus,150271
myoma,150222
befit,149912
clave,149566
xylol,148765
blimp,148697
tinny,148602
mythe,148348
loped,147886
vaunt,147740
haver,147604
hunks,147515
scoot,147206
outgo,145955
hilus,145902
kauri,145392
nitty,145386
ances,145250
dacha,145069
ganja,144329
rummy,144194
moped,144086
lente,143976
digne,143481
corms,143172
hooch,142864
azote,142680
poled,142217
poach,141433
squib,141233
pleat,139999
venae,139672
ghoul,139669
compo,139626
bosun,139525
ukase,139316
farad,139266
teary,139106
scena,138782
osteo,137839
rower,137778
haled,137548
soldi,136512
douse,136049
finny,135997
frons,135425
bided,134803
churl,134705
caulk,134635
dinky,133685
emmer,133596
osmic,132331
rente,131995
kapok,131843
colla,131278
obeah,130813
ronin,130735
limed,130334
penta,130072
platy,129851
eking,129702
telic,129506
nates,129452
hypha,128527
tilde,128103
lento,127883
appui,127883
caned,127714
auric,126983
abase,126872
gawky,126818
sunup,126544
reges,126143
washy,126073
cecal,125870
odder,125677
jazzy,125510
sylph,125014
hards,124854
ambos,124354
mense,123654
tunny,123624
oared,123579
yummy,123548
prosy,123031
vamos,122987
detox,122967
galea,122882
abeam,122821
orris,122747
ephod,122737
abaca,122404
moste,122289
skied,122231
rearm,122133
indol,122107
kopje,121460
karat,121268
caeca,121167
creat,120795
coots,120770
agger,119945
ameba,119650
preen,119485
aspic,119242
cubby,119214
fagot,118638
ahold,118110
plica,117925
podge,117834
elate,117246
wanly,116546
squab,116225
buffa,115719
tided,115648
spick,115601
infix,115521
novas,114769
jalap,114732
ninny,114547
vacua,114445
genio,114330
tumid,114078
amuck,113585
dildo,112746
snaky,112723
adeno,112317
gutsy,112206
darky,112085
rangy,111977
pedes,111494
deify,111278
croon,111229
medii,111100
adown,111005
ology,111003
thrum,110922
sepal,110761
sours,109778
emend,109525
sputa,109408
amain,109355
enure,108543
treed,108501
lepra,108010
dopey,107977
rived,107897
octyl,107868
gular,107341
leggy,107275
gazer,107180
chump,106947
gaged,106666
napus,106524
dozer,106518
flunk,106190
nized,106140
scrim,105844
paned,105509
bezel,105350
oxime,105349
esker,105069
stane,104964
atter,104399
culls,103823
arret,103685
uncus,103235
foots,102918
wooer,102853
plebe,102785
unfed,102599
spall,102105
sappy,101689
peece,101662
navvy,101329
wormy,101319
quaff,101229
amido,101209
toque,100973
skulk,100281
sulks,99818
mitis,99773
drome,99685
gaffe,99670
grise,99578
botch,99280
bronc,98914
blent,98683
conga,98474
mousy,98451
niter,98433
baulk,98336
limen,98306
esque,98200
hubby,98086
lates,97523
ictus,97326
syren,96556
carps,96431
biter,96335
nervy,96025
gapes,95084
sidle,94926
envie,94890
beaut,94820
nacre,94802
rugae,94794
doily,94774
tapis,94704
favus,94452
pulex,93703
herte,93662
whilk,93406
ogive,93239
umbel,93201
drave,92664
vinum,92453
spume,92298
cushy,92209
secre,92020
sware,91505
likin,91039
derma,90751
julep,90591
targe,90376
sexto,90179
yokel,89824
maned,89718
skimp,89689
oculo,89442
cyder,89364
toady,89345
varix,89218
sties,89081
sonde,88454
nosey,88426
roust,87874
phono,87873
curst,87778
jugal,87661
juger,87508
plash,87498
picul,87334
slock,87286
filch,86516
agone,86367
toted,86329
hemin,86069
knout,85957
tatty,85914
besom,85789
pated,85573
joyed,85545
plunk,85490
sprit,85391
cooly,85285
thoro,85278
tared,84925
kebab,84715
huzza,84541
elide,84529
secco,84406
scram,84110
soupy,84052
paver,83928
whelk,83847
pooch,83654
slosh,83236
curer,83002
unset,82579
strop,82470
hawse,82346
skall,82340
whizz,82016
pomme,81923
aldol,81797
skink,81784
piton,81041
djinn,81032
retch,81010
naevi,80925
scuff,80847
mucky,80744
withe,80719
raker,80696
fizzy,80399
sabot,80396
socle,80163
tenne,79874
hooky,79807
disci,79767
segno,79632
oaten,79351
drupe,79290
deary,79143
matey,79026
souse,78982
rhomb,78821
podia,78690
cerci,78667
thyro,78445
whipt,78262
bhang,78045
cupel,77704
glume,77632
asker,77443
smalt,77240
davit,77046
angio,76707
vated,76645
damar,76416
faker,76393
mewed,76256
inapt,76115
laved,76098
decad,76047
braze,75741
gamin,75708
togas,75193
loupe,75091
pudic,74702
noter,74667
flota,74651
quirt,74636
stunk,74465
charr,74181
balky,74036
noyau,73990
frosh,73894
thegn,73720
rutin,73661
scurf,73613
piste,73458
gnash,73100
ergon,72970
peppy,72819
conge,72758
huffy,72709
fusee,72583
hunky,72455
cooky,72163
saree,72147
cetyl,72085
salol,72052
phyto,71893
fusel,71854
palea,71412
tubed,71294
corer,71128
orbed,71059
withy,70983
calix,70951
quoit,70801
terga,70708
luted,70689
sculp,70386
blued,70183
merus,70106
gassy,69898
bayed,69749
ancle,69676
fonde,69543
aerie,69194
bidet,68731
bolas,68458
patas,68440
leuco,67931
cruet,67917
imide,67859
mulct,67833
petto,67345
potch,67248
cowry,67209
olein,66902
blear,66757
hived,66407
estop,66175
cozen,66167
boozy,65971
hexyl,65680
toper,65651
turfs,65628
helot,65059
amice,64954
dight,64869
shako,64843
trewe,64623
liker,64527
gleet,64447
farcy,64247
cycad,64217
jurat,64070
arris,63764
middy,63595
izing,62971
fetor,62960
parch,62807
notum,62668
smolt,62658
remix,62587
cante,62584
artsy,62566
xylan,62543
matzo,62426
laxer,62118
curdy,62098
lette,62067
avast,61984
verst,61954
nopal,61927
fusty,61630
metol,61197
laste,61164
bigha,61106
chive,61100
hazed,61008
dolus,61001
papaw,60891
viler,60884
wader,60671
hyrax,60407
addle,60212
yodel,60154
orgue,60030
cutin,60015
shill,60008
dicot,59565
buffo,59489
mosey,59481
tophi,59467
sough,59420
bleep,59413
ferny,59339
letup,59152
zooid,59141
ogled,58992
manca,58475
tasse,58387
hobos,58318
ouzel,58248
abuzz,58173
slily,57867
kedge,57740
selve,57524
rimed,57474
stoup,57456
educe,57414
kefir,57305
tinta,57271
ichor,57145
rathe,57067
riant,57006
moony,56986
zesty,56967
gluey,56965
quipu,56959
redly,56586
prier,56447
bonze,56446
cheep,56256
fusil,56216
sorus,56143
eleve,56057
viole,55343
facia,55089
oxyde,54559
scute,54494
epode,54443
facer,54199
muzzy,54174
hawed,54171
quoin,54135
ivied,54111
guyed,53697
rhumb,53468
antra,53188
iodic,53147
chast,53145
tiler,53086
bosky,52985
vasty,52883
dores,52663
yeara,52634
humpy,52516
creux,52504
kiddy,52484
galop,52431
opake,52390
citer,52308
ofter,52124
aviso,52103
coaly,52071
croud,52012
coopt,51886
torta,51849
mynah,51699
turfy,51529
ivies,51424
tyros,51386
jambe,51331
tibio,51275
inion,51110
abaci,50831
imbed,50802
okapi,50769
meint,50734
bitts,50684
pally,50592
beaus,50520
pyxis,50497
trona,50495
curat,50292
ephah,50287
holey,50193
unsay,50074
shoon,50034
miasm,49894
owlet,49820
alate,49779
nippy,49772
skald,49730
plene,49577
pluma,49524
getup,49487
chape,49385
mukha,49328
mesal,49304
coved,49164
ataxy,49120
endue,48937
tizzy,48885
abyme,48796
mooch,48694
scole,48646
newsy,48273
colza,48209
helve,48153
ovolo,48145
bothy,48005
pukka,47864
jibed,47750
chomp,47718
funis,47685
houri,47597
rushy,47167
cawed,46932
unapt,46927
snick,46740
lappa,46738
sorer,46726
ceorl,46618
ceria,46560
shyer,46333
idola,46319
frorn,46255
linch,46124
panta,46120
exeat,45998
awned,45806
unman,45699
yucky,45522
regle,45343
tined,45310
choux,45289
baric,45199
rased,45060
coign,45054
minae,45000
grees,44973
swoln,44846
hosen,44846
redde,44685
cosey,44601
metic,44597
durra,44489
shawm,44484
annat,44416
buchu,44154
puked,43953
tourn,43888
trode,43785
venge,43774
vizor,43740
awing,43685
psora,43640
atole,43527
foxed,43485
scads,43443
sedgy,43424
dulse,43344
cense,43174
trama,43126
gamed,43019
dagga,42993
salal,42975
feine,42972
seise,42937
sigil,42555
dater,42438
divot,42414
grond,42146
swage,42020
fichu,42012
haint,41967
apish,41533
azole,41497
foehn,41382
avens,41305
apsis,41249
ensis,41119
septi,41076
soppy,40945
sacar,40682
coati,40643
snood,40627
larve,40576
ferae,40397
haulm,40110
spile,40017
indue,39967
tythe,39950
rebec,39846
sapid,39798
rutty,39595
hable,39518
jacal,39285
kazoo,39247
panto,39151
cuppa,39005
bovid,38875
pieno,38735
scudo,38659
sloyd,38441
firer,38352
eccle,38217
tyran,38193
barmy,38184
namer,38126
visar,37970
geode,37967
yawed,37917
carom,37874
jinni,37843
podgy,37783
moong,37732
apara,37700
diked,37492
swich,37489
mixup,37305
vison,37294
amphi,37128
rowel,37042
viand,36976
tardo,36961
fremd,36961
spirt,36801
punky,36719
sigla,36652
veery,36641
kopek,36544
bunco,36504
etape,36501
nerka,36468
potto,36345
duper,36307
canid,35912
noght,35859
trass,35813
vitta,35769
notus,35615
tarso,35572
stola,35572
detur,35543
plumy,35402
stook,35344
arsis,35311
cadge,35249
antae,35240
gamey,35007
soyle,34992
orlop,34754
leere,34493
aioli,34384
dotal,34305
filar,34222
adays,34219
waler,34119
quean,34081
frump,33879
volva,33856
embar,33848
scuta,33787
cadis,33725
azido,33662
fesse,33535
seche,33465
sizar,33456
trews,33271
natch,33256
noway,33111
mazed,32978
laded,32938
gyral,32924
ental,32831
stagy,32793
epact,32707
terma,32609
laevo,32592
jabot,32592
unbar,32403
leden,32319
apeak,32180
pasan,32168
wacke,32144
rette,32126
dorky,32029
beamy,31980
chare,31955
laith,31853
krait,31850
shail,31804
incog,31714
relet,31616
rumbo,31583
chuff,31544
humin,31525
tosto,31515
abysm,31409
malty,31301
gleba,31256
pluri,31255
metry,31254
jugum,31202
abash,31145
plaga,31130
pilau,31091
laxly,31086
lazed,31048
redia,30884
tazza,30771
horsy,30723
piked,30569
garum,30521
whelm,30440
shant,30377
spere,30312
axile,30241
winze,30222
gelid,30191
goral,30162
anomy,30032
adobo,30017
gibed,29991
divvy,29980
ihram,29966
wheen,29955
couth,29933
fondu,29870
sopor,29774
fogey,29723
heben,29520
domal,29406
mucro,29396
rille,29392
butty,29379
skirl,29374
shoat,29227
salse,29037
uncia,28827
bulgy,28781
teind,28741
serow,28651
argol,28594
abime,28560
touse,28432
swarf,28399
mucic,28181
caber,28174
tufty,28111
hinny,28066
decyl,27831
peaky,27672
greit,27641
flain,27575
thrid,27460
footy,27272
drusy,27168
mussy,26984
sowar,26922
rawer,26887
obrok,26877
aflat,26869
tuque,26780
agood,26777
hemal,26741
lache,26705
amove,26686
aloin,26587
tolyl,26564
urith,26529
runty,26518
myope,26483
rupia,26461
frizz,26450
gushy,26356
moted,26348
amate,26158
bouge,26088
scrag,25983
felly,25930
meros,25907
bacca,25885
algin,25871
cogon,25800
typal,25752
veiny,25739
rhime,25712
ruffe,25681
rawly,25656
cosen,25636
aboon,25583
chank,25475
pursy,25382
poney,25353
sorgo,25338
waker,25301
elemi,25233
clomb,25184
anole,25140
mohur,25134
gobio,25106
salue,25003
stere,24890
ormer,24884
rabot,24854
sycee,24803
fitte,24755
hault,24739
stroy,24711
nonyl,24672
bedew,24657
modii,24542
coque,24453
ridgy,24365
chear,24358
hende,24334
befog,24265
forby,24235
inker,24120
usure,23978
skelp,23964
irade,23961
rayah,23880
myoid,23707
bruta,23692
delit,23663
nival,23588
frize,23575
brume,23553
taxer,23413
frena,23332
saury,23270
minum,23267
toise,23255
lowan,23204
fatly,23079
teint,23063
scaur,23055
acred,22941
upend,22829
ramal,22808
prede,22678
tasto,22644
glose,22547
suade,22457
coypu,22410
dorse,22394
reave,22243
hepta,22188
ousel,22138
torse,22097
woold,22087
pawky,22040
loffe,22040
paeon,22025
curre,21974
deads,21894
kvass,21798
spiry,21723
clomp,21576
argil,21555
indow,21471
gayne,21417
dhole,21367
ruing,21352
tribo,21342
skyey,21317
mesad,21235
musth,21234
panim,21205
werre,21171
mured,21113
vends,21064
douar,20988
zayat,20960
dagos,20837
ephor,20836
dewed,20788
noils,20740
melic,20653
chese,20644
eigne,20637
rampe,20508
unpin,20350
adust,19992
resaw,19914
ozena,19871
agrin,19846
sodio,19607
cubeb,19592
barky,19592
kabob,19574
rotal,19505
nucha,19425
finos,19335
primp,19290
mooed,19284
purga,19131
unsex,19112
venin,19083
stupe,19065
jorum,19050
aucht,19026
glost,18970
rooky,18825
bicho,18711
sewin,18682
unfix,18670
dizen,18645
addax,18603
draff,18433
ovula,18383
aitch,18375
ampul,18327
chack,18292
sothe,18286
sorwe,18285
cippi,18204
faddy,18128
aggro,18102
algid,18055
swang,18010
luteo,17997
prase,17940
scrod,17920
sneck,17902
algum,17898
levir,17810
rooty,17805
pecul,17635
oboli,17562
demit,17441
blowy,17400
tiver,17210
pelta,17196
direr,17175
ackee,17163
livor,17101
palet,17069
tawse,17026
ectal,16855
volti,16752
kotow,16549
fluty,16487
gesse,16484
choak,16469
sithe,16352
unlaw,16332
jupon,16280
tacet,16243
larum,16237
throp,16180
shent,16165
duena,16142
sprag,16096
strow,16045
stime,16032
dulia,16012
maneh,15981
anear,15970
oxeye,15966
tafia,15886
plani,15849
anigh,15831
grege,15827
ceras,15819
rompu,15815
salep,15795
solfa,15777
raggy,15769
anile,15739
jears,15738
antre,15718
mujik,15675
scend,15554
patee,15533
craie,15471
chout,15452
chaus,15327
trink,15318
wiste,15307
notal,15286
duelo,15264
boffo,15175
stond,15154
maked,15131
xebec,15103
revet,15100
hexad,15057
zonae,14967
fleam,14935
blini,14911
conia,14887
imped,14870
knurl,14846
haemo,14820
anito,14805
bague,14674
widdy,14595
brast,14581
scall,14559
amole,14512
monal,14374
fumet,14316
gutty,14281
doper,14278
riden,14265
serac,14254
fewel,14250
shote,14225
axmen,14207
souce,14137
saugh,14129
dishy,14116
agley,14050
suint,13966
piler,13943
ezine,13925
hylic,13921
aroid,13904
axman,13861
jossa,13832
felid,13630
alvei,13609
aport,13603
adeps,13598
atrip,13588
whisp,13415
icier,13382
apiol,13372
umbos,13363
roseo,13355
wootz,13319
uncap,13310
hided,13257
toter,13250
aurae,13120
swerd,13070
pucka,12984
braxy,12930
flews,12912
chais,12865
choky,12834
yeven,12720
jaspe,12710
nimbi,12634
zebub,12595
ambry,12507
gaper,12490
pareu,12476
teine,12468
ahigh,12454
gazon,12412
toffy,12331
woald,12287
attle,12286
oxlip,12250
nabla,12211
sagum,12168
pocky,12124
tatou,12120
hiems,12111
mesen,12107
pagod,12087
phren,12076
wizen,12043
moner,12043
remue,12025
sojer,12002
moory,11892
churr,11848
ovile,11716
kabab,11685
dogie,11669
knish,11660
unbid,11642
emong,11622
aigre,11591
aglet,11564
pilei,11559
auget,11528
bield,11525
blive,11504
fumer,11491
imido,11467
cruor,11456
admix,11444
ganza,11398
tawed,11352
pacos,11274
punty,11204
erose,11185
broma,11177
poind,11138
gloze,11012
wayed,11004
evite,10965
ureal,10948
pight,10947
paven,10947
tabid,10931
ayont,10830
etyma,10786
crope,10675
slype,10637
stirp,10597
sacci,10580
suant,10579
preve,10573
doall,10534
lawny,10510
inwit,10487
tride,10485
prink,10461
seyen,10445
gayal,10405
ketol,10392
hoise,10377
swate,10296
valew,10289
tepal,10284
unarm,10277
reule,10274
usnic,10244
tarre,10224
freta,10185
medle,10136
neums,10127
flamy,10095
glede,10087
angor,10081
bonce,10042
iodol,10025
sowne,10004
quoll,9939
brusk,9888
furzy,9860
ixtle,9846
wived,9830
ahull,9825
gnarl,9821
houss,9792
acerb,9769
lased,9765
pewit,9714
blate,9637
glary,9628
fluky,9623
shoer,9598
volge,9583
steek,9569
funic,9543
scatt,9523
atilt,9511
flang,9492
ulmin,9474
razee,9472
unlay,9469
guaco,9459
morwe,9441
ansae,9374
soote,9359
ulmic,9341
stogy,9314
atomy,9286
excur,9265
enorm,9235
roial,9231
clepe,9189
stian,9180
edile,9178
glama,9151
lawer,9150
sythe,9144
fauld,9060
slape,9054
bedim,8972
arest,8947
ettle,8905
sludy,8884
chufa,8883
paien,8862
fadge,8854
refix,8816
torsk,8813
orcin,8692
rewet,8621
abear,8598
bourd,8581
gloam,8575
layby,8569
skiey,8565
werst,8550
ickle,8508
thymy,8477
forky,8472
undam,8420
educt,8397
odist,8357
boiar,8337
houve,8317
shorl,8273
booky,8259
blite,8247
zinco,8228
ligan,8224
leady,8170
jaggy,8140
favas,8131
scath,8100
lekin,8093
berme,8074
malma,7981
allod,7981
skean,7972
powen,7946
torsi,7931
tusky,7921
inust,7911
oxter,7890
vedro,7876
doter,7870
ankus,7859
spado,7858
pugil,7855
momos,7849
goafs,7843
pipas,7840
ulula,7839
noint,7830
meyne,7824
frore,7789
savey,7759
ladde,7747
ilial,7735
thraw,7712
resty,7700
pachy,7675
poler,7672
peage,7666
earst,7660
treck,7657
togue,7632
techy,7597
perdy,7588
boyau,7585
melam,7573
eyght,7547
disme,7546
setto,7514
apery,7459
ratch,7382
akene,7362
hente,7358
poxed,7351
tarse,7338
ranty,7334
flong,7319
pancy,7312
feize,7222
feuar,7216
urnal,7197
lurry,7192
agast,7137
urari,7134
patly,7114
bocal,7097
umbre,7079
lered,7077
almug,7026
proin,7018
coune,7015
brere,6990
slyer,6951
nerre,6951
praam,6905
mothy,6861
brond,6847
unhap,6828
reeky,6809
snath,6795
manul,6787
goost,6773
gleek,6772
arrha,6756
stont,6750
irone,6706
istle,6676
pupas,6672
gleby,6672
ligge,6663
awork,6651
sonsy,6587
reget,6583
faule,6581
axled,6581
slued,6543
besot,6532
adyta,6475
soune,6434
quish,6425
xylyl,6423
meute,6419
ayein,6412
ghast,6397
steem,6372
shaps,6370
jutty,6363
fytte,6344
hanap,6321
gonys,6318
aband,6305
yuppy,6286
runin,6285
agism,6269
kumys,6266
shist,6248
vined,6247
feoff,6225
unled,6223
tehee,6205
olent,6187
dimit,6176
lanch,6174
betid,6135
slank,6128
chivy,6126
neura,6122
starf,6084
ceryl,6084
stoor,6062
slopy,6049
deuse,6041
ledgy,6036
timal,6010
eagre,5977
myops,5970
togae,5965
terin,5953
hoody,5943
poize,5924
shirr,5923
paard,5863
vairy,5852
enate,5810
ferie,5804
agist,5804
mesel,5794
arere,5785
loppy,5749
bemol,5703
ictic,5699
inned,5691
prore,5662
fonne,5650
waney,5609
phore,5603
virid,5566
jougs,5562
odyle,5535
remex,5534
embay,5509
orbic,5497
trais,5466
seten,5442
usant,5421
limpa,5414
tucum,5406
spaed,5399
avale,5358
nould,5356
rewle,5319
wakif,5309
fordo,5307
